query_term[Text](Query Term),internal_term[Text](Internal Term),synonym_term[Text](Synonym Term)
1-gang,1 gang,"1-gang, 1 gang"
1st Aid,First Aid,"1st Aid, First Aid"
2 Extra Large,2x-large,"2 Extra Large, 2x-large"
2-gang,2 gang,"2-gang, 2 gang"
2xl,2X-Large,"2xl, 2X-Large"
2xultra,2x ultra,"2xultra, 2x ultra"
3-gang,3 gang,"3-gang, 3 gang"
4-gang,4 gang,"4-gang, 4 gang"
5-gang,5 gang,"5-gang, 5 gang"
6 V,6V,"6 V, 6V"
7th Generation,Seventh Generation,"7th Generation, Seventh Generation"
9 V,9V,"9 V, 9V"
9 Volt,9V,"9 Volt, 9V"
9 Volts,9V,"9 Volts, 9V"
9V,9 Volt,"9V, 9 Volt"
9V,9 Volts,"9V, 9 Volts"
A 15,A15,"A 15, A15"
A 19,A19,"A 19, A19"
A 21,A21,"A 21, A21"
AAV,air admittance valve,"AAV, air admittance valve"
AAV,trap vent,"AAV, trap vent"
Absorbent,Absorber,"Absorbent, Absorber"
AC Cover,Air Conditioning Cover,"AC Cover, Air Conditioning Cover"
AC Pro,ACPRO,"AC Pro, ACPRO"
Ace Jacket,Ace Pullover,"Ace Jacket, Ace Pullover"
Acoustical Lag Bolt,Acoustical Lag Anchor,"Acoustical Lag Bolt, Acoustical Lag Anchor"
Acoustical Lag Screw,Acoustical Lag Anchor,"Acoustical Lag Screw, Acoustical Lag Anchor"
Activated Charcoal,Activated Carbon,"Activated Charcoal, Activated Carbon"
Adirondak,Adirondack,"Adirondak, Adirondack"
Aero Garden,Aerogarden,"Aero Garden, Aerogarden"
After Bite,Bite Relief,"After Bite, Bite Relief"
Afterbite,Bite Relief,"Afterbite, Bite Relief"
Agrifab,Agri-Fab,"Agrifab, Agri-Fab"
air admittance valve,trap vent,"air admittance valve, trap vent"
Air chamber,Water hammer arrester,"Air chamber, Water hammer arrester"
Air Conditoner,Air Conditioner,"Air Conditoner, Air Conditioner"
Air Matress,Air Mattress,"Air Matress, Air Mattress"
Air Matress,Air Mattress,"Air Matress, Air Mattress"
Air Matress,Air Mattress,"Air Matress, Air Mattress"
Air Matress,Air Mattress,"Air Matress, Air Mattress"
Air Speed,Airspeed,"Air Speed, Airspeed"
Air Staple Gun,Pneumatic Stapler,"Air Staple Gun, Pneumatic Stapler"
Air Swivel,AIRSWIVEL,"Air Swivel, AIRSWIVEL"
Air Wick,Airwick,"Air Wick, Airwick"
Airconditioner,Air Conditioner,"Airconditioner, Air Conditioner"
Allen,Hex,"Allen, Hex"
Amarylis,Amaryllis,"Amarylis, Amaryllis"
Amonia,Ammonia,"Amonia, Ammonia"
angle,angular,"angle, angular"
Angry Momma,Angry Mama,"Angry Momma, Angry Mama"
angular,angle,"angular, angle"
Anti freeze,Antifreeze,"Anti freeze, Antifreeze"
Anti freeze,Coolant,"Anti freeze, Coolant"
Anti Gravity Chair,Zero Gravity Chair,"Anti Gravity Chair, Zero Gravity Chair"
Anti Gravity Chair,Anti Gravity Lounger,"Anti Gravity Chair, Anti Gravity Lounger"
Antifreeze,Coolant,"Antifreeze, Coolant"
Apple Pealer,Apple Peeler,"Apple Pealer, Apple Peeler"
Apple Picker,Fruit Picker,"Apple Picker, Fruit Picker"
Appliance Cart,Hand Truck,"Appliance Cart, Hand Truck"
Applied Sunshine,GoSun,"Applied Sunshine, GoSun"
Applied Sunshine,GoSun,"Applied Sunshine, GoSun"
Aquabot,Robotic Pool Cleaner,"Aquabot, Robotic Pool Cleaner"
Arm and Hammer ,Arm & Hammer,"Arm and Hammer , Arm & Hammer"
Armorall,Armor All,"Armorall, Armor All"
Art,Hobby,"Art, Hobby"
Art,Artist,"Art, Artist"
art,artist,"art, artist"
artist ,Artist,"artist , Artist"
A-Shape,A-Line,"A-Shape, A-Line"
Asian Bettle,Japanese Beetle,"Asian Bettle, Japanese Beetle"
asphalt,blacktop,"asphalt, blacktop"
Assist Bar,Grab Bar,"Assist Bar, Grab Bar"
ATF,Automatic Transmission Fluid,"ATF, Automatic Transmission Fluid"
Auto Emergency Shovel,Car Shovel,"Auto Emergency Shovel, Car Shovel"
baby gate,safety gate,"baby gate, safety gate"
baby gate,wire mesh gate,"baby gate, wire mesh gate"
Back Brace,Back Support,"Back Brace, Back Support"
Badet,Bidet,"Badet, Bidet"
Bag Chair,Canvas Chair,"Bag Chair, Canvas Chair"
bailing wire,bale wire,"bailing wire, bale wire"
Balast,Ballast,"Balast, Ballast"
Ball Jar,Mason Jar,"Ball Jar, Mason Jar"
Ballest,Ballast,"Ballest, Ballast"
Ban Saw,Band Saw,"Ban Saw, Band Saw"
Band Aid,Bandage,"Band Aid, Bandage"
Bandaid,Bandage,"Bandaid, Bandage"
Band-aid,Bandage,"Band-aid, Bandage"
Bandaids,Bandage,"Bandaids, Bandage"
Bansaw,Band Saw,"Bansaw, Band Saw"
Bark,Mulch,"Bark, Mulch"
Barrel Fan,Drum Fan,"Barrel Fan, Drum Fan"
Base Board,Baseboard,"Base Board, Baseboard"
Basin,Sink,"Basin, Sink"
Bathroom Light Fixture,Bathroom Light,"Bathroom Light Fixture, Bathroom Light"
Battery Operated Fan,Battery Fan,"Battery Operated Fan, Battery Fan"
Bean Hook,Weeder,"Bean Hook, Weeder"
Beaver Dam,Beaverdam,"Beaver Dam, Beaverdam"
Bed Liner,Truck Bed Coating,"Bed Liner, Truck Bed Coating"
Bedliner,Truck Bed Coating,"Bedliner, Truck Bed Coating"
Bee Keeper,BeeKeeper,"Bee Keeper, BeeKeeper"
Bee Keeping,BeeKeeping,"Bee Keeping, BeeKeeping"
bicycle pump,inflator,"bicycle pump, inflator"
bicycle pump,bike pump,"bicycle pump, bike pump"
bicycle pump,hand pump,"bicycle pump, hand pump"
bicycle pump,foot pump,"bicycle pump, foot pump"
Bicycle Saddle,Bicycle Seat,"Bicycle Saddle, Bicycle Seat"
Bifenthin,Bifen,"Bifenthin, Bifen"
Bifenthrin,Bifen,"Bifenthrin, Bifen"
Big Green,BigGreen,"Big Green, BigGreen"
bike pump,inflator,"bike pump, inflator"
bike pump,bicycle pump,"bike pump, bicycle pump"
bike pump,hand pump,"bike pump, hand pump"
bike pump,foot pump,"bike pump, foot pump"
Bike Shoes,Cycling Shoes,"Bike Shoes, Cycling Shoes"
Bio Clean,Bio-clean,"Bio Clean, Bio-clean"
Bioclean,Bio-clean,"Bioclean, Bio-clean"
Biokleen,Bio-Clean,"Biokleen, Bio-Clean"
Bird Bath Heater,Bird Bath De-Icer,"Bird Bath Heater, Bird Bath De-Icer"
Bird Bath Heater,Birdbath De-Icer,"Bird Bath Heater, Birdbath De-Icer"
Bird bath Heater,Birdbath De-icer,"Bird bath Heater, Birdbath De-icer"
Birdbath Heater,Bird Bath De-Icer,"Birdbath Heater, Bird Bath De-Icer"
Birdbath Heater,Birdbath De-Icer,"Birdbath Heater, Birdbath De-Icer"
Bissel,Bissell,"Bissel, Bissell"
Black Out,BlackOut,"Black Out, BlackOut"
Bladder Tank,Pressure Tank,"Bladder Tank, Pressure Tank"
Bladder Tank,Pressure Tank,"Bladder Tank, Pressure Tank"
Bleaching Oil,Bleaching Stain,"Bleaching Oil, Bleaching Stain"
Blow Dryer,Hair Dryer,"Blow Dryer, Hair Dryer"
Boat Paint,Marine Paint,"Boat Paint, Marine Paint"
Bondix,Bondic,"Bondix, Bondic"
Bondo,Autobody Filler,"Bondo, Autobody Filler"
Box Elder,Boxelder,"Box Elder, Boxelder"
Box Elder Beetle,Boxelder,"Box Elder Beetle, Boxelder"
Box of Rags,Rags in a Box,"Box of Rags, Rags in a Box"
Boxelder,Box Elder,"Boxelder, Box Elder"
Boxelder Bug,Box Elder Bug,"Boxelder Bug, Box Elder Bug"
BR 30,BR30,"BR 30, BR30"
BR 40,BR40,"BR 40, BR40"
Bread Pan,Loaf Pan,"Bread Pan, Loaf Pan"
Breaker Lock,Breaker Lockout,"Breaker Lock, Breaker Lockout"
Bri Wax,Briwax,"Bri Wax, Briwax"
Brining Bag,Oven Bag,"Brining Bag, Oven Bag"
Brinkman,Brinkmann,"Brinkman, Brinkmann"
Brinkman,Charbroil,"Brinkman, Charbroil","This was suggested by Merchant, since Brinkman is out of business"
Briquet,Briquette,"Briquet, Briquette"
Briquets,Briquettes,"Briquets, Briquettes"
Briquette,Briquet,"Briquette, Briquet"
Bug B Gone,Bug B Gon,"Bug B Gone, Bug B Gon"
Bug Be Gon,Bug B Gon,"Bug Be Gon, Bug B Gon"
Bug Be Gone,Bug B Gon,"Bug Be Gone, Bug B Gon"
Bug Killer,Insect Killer,"Bug Killer, Insect Killer"
Bug Slayer,Buggslayer,"Bug Slayer, Buggslayer"
Bug Zapper Bulb,Bug Bulb,"Bug Zapper Bulb, Bug Bulb"
Bugg Slayer,Buggslayer,"Bugg Slayer, Buggslayer"
Bulb Food,Plant Food,"Bulb Food, Plant Food"
Bulb Tester,Light Keeper,"Bulb Tester, Light Keeper"
Bulb Tester,Holiday Light Tester,"Bulb Tester, Holiday Light Tester"
Burger,Hamburger,"Burger, Hamburger"
Bussman,Bussmann,"Bussman, Bussmann"
CA 10,CA10,"CA 10, CA10"
CA 9 1/2,CA9.5,"CA 9 1/2, CA9.5"
CA 9-1/2,CA9.5,"CA 9-1/2, CA9.5"
CA9-1/2,CA9.5,"CA9-1/2, CA9.5"
Cabinet Knob,Furniture Knob,"Cabinet Knob, Furniture Knob"
cable clamp,wire rope clip,"cable clamp, wire rope clip"
Cable Tie,Zip Tie,"Cable Tie, Zip Tie"
Cable Tie,Zip Ties,"Cable Tie, Zip Ties"
Cable Ties,Cable Tie,"Cable Ties, Cable Tie"
Cable Ties,Zip Tie,"Cable Ties, Zip Tie"
Cable Ties,Zip Ties,"Cable Ties, Zip Ties"
Cabots,Cabot,"Cabots, Cabot"
Calender,Calendar,"Calender, Calendar"
Camping Chair,Folding Chair,"Camping Chair, Folding Chair"
Camping Chair,Directors Chair,"Camping Chair, Directors Chair"
Canapy,Canopy,"Canapy, Canopy"
Candelabra Screw,Candelabra Base (E12),"Candelabra Screw, Candelabra Base (E12)"
car oil,motor oil,"car oil, motor oil"
Car Shovel,Auto Shovel,"Car Shovel, Auto Shovel"
Carpet Joiner,Tackstrip,"Carpet Joiner, Tackstrip"
Carpet Powder,Carpet Shake,"Carpet Powder, Carpet Shake"
castor,caster,"castor, caster"
Chair Tip,Leg Tip,"Chair Tip, Leg Tip"
Chair Tip,Leg Tip,"Chair Tip, Leg Tip"
Chair Tips,Leg Tips,"Chair Tips, Leg Tips"
Channel Lock,Channellock,"Channel Lock, Channellock"
Channelock,Channellock,"Channelock, Channellock"
Chap Stick,Lip Balm,"Chap Stick, Lip Balm"
Chap Stick,Lip Ointment,"Chap Stick, Lip Ointment"
Chapstick,Lip Balm,"Chapstick, Lip Balm"
Chapstick,Lip Ointment,"Chapstick, Lip Ointment"
Char Broil,Char-Broil,"Char Broil, Char-Broil"
Char Broil,Charbroil,"Char Broil, Charbroil"
Charboil,Charbroil,"Charboil, Charbroil"
Charbroil,Char-Broil,"Charbroil, Char-Broil"
Charbroil,Charbroil,"Charbroil, Charbroil"
Charbroil,Char broil,"Charbroil, Char broil"
Char-broil,Charbroil,"Char-broil, Charbroil"
Char-broil,Char broil,"Char-broil, Char broil"
Char-broil,Charbroil,"Char-broil, Charbroil"
Cheaters,Reading Glasses,"Cheaters, Reading Glasses"
Chees Its,Cheez-It,"Chees Its, Cheez-It"
Cheese It,Cheez-It,"Cheese It, Cheez-It"
Cheese its,Cheez-It,"Cheese its, Cheez-It"
Cheese Itz,Cheez-It,"Cheese Itz, Cheez-It"
Cheese-It,Cheez-It,"Cheese-It, Cheez-It"
Cheese-Its,Cheez-It,"Cheese-Its, Cheez-It"
Cheese-Itz,Cheez-It,"Cheese-Itz, Cheez-It"
Cheeters,Reading Glasses,"Cheeters, Reading Glasses"
Chicken Wire,Poultry Wire,"Chicken Wire, Poultry Wire"
CHILDREN SHOWER HEAD ,CHILDRENS SHOWER HEAD,"CHILDREN SHOWER HEAD , CHILDRENS SHOWER HEAD"
Chimney Broom,Chimney Brush,"Chimney Broom, Chimney Brush"
Chipper,Mulcher,"Chipper, Mulcher"
Chisel Point,Chisel Tip,"Chisel Point, Chisel Tip"
chop saw,miter saw,"chop saw, miter saw"
Christmas Light Tester,Holiday Light Tester,"Christmas Light Tester, Holiday Light Tester"
Christmas Light Tester,Light Keeper,"Christmas Light Tester, Light Keeper"
Christmas Soap,Holiday Soap,"Christmas Soap, Holiday Soap"
Christmas Trees,Artificial Trees,"Christmas Trees, Artificial Trees"
Cinch Sack,CinchSak,"Cinch Sack, CinchSak"
Cinch Sak,CinchSak,"Cinch Sak, CinchSak"
Circle Bulb,circline,"Circle Bulb, circline"
Clamp Lamp,Work Light,"Clamp Lamp, Work Light"
Clays Hard Candy,Claeys Hard Candies,"Clays Hard Candy, Claeys Hard Candies"
Clean View,CleanView,"Clean View, CleanView"
Cleaner,Cleanser,"Cleaner, Cleanser"
Cleaning Cloths,Shop Towels,"Cleaning Cloths, Shop Towels"
cleaning cloths,rags,"cleaning cloths, rags"
Clear Cut,Clearcut,"Clear Cut, Clearcut"
Clear Tape,Transparent Tape,"Clear Tape, Transparent Tape"
Clear Tape,Invisible Tape,"Clear Tape, Invisible Tape"
Clear Tape,Gift Wrap Tape,"Clear Tape, Gift Wrap Tape"
Cliff Bar,Clif Bar,"Cliff Bar, Clif Bar"
Closet Maid,Closetmaid,"Closet Maid, Closetmaid"
Coat Hanger,Coat Hook,"Coat Hanger, Coat Hook"
Cobra Mister,Cobra Mist Stand,"Cobra Mister, Cobra Mist Stand"
Cobra Mister,Cobra Mistand,"Cobra Mister, Cobra Mistand"
Coffee Brewer,Coffee maker,"Coffee Brewer, Coffee maker"
Coffee Pot,Coffee Maker,"Coffee Pot, Coffee Maker"
Coil Clean,Coil Cleen,"Coil Clean, Coil Cleen"
Coil Cleaner,Air Conditioner Cleaner,"Coil Cleaner, Air Conditioner Cleaner"
Coin Purse,Coin Holder,"Coin Purse, Coin Holder"
Collander,Colander,"Collander, Colander"
Come Along,Come-A-Long,"Come Along, Come-A-Long"
Compact Fluorescent Bulb,CFL Bulb,"Compact Fluorescent Bulb, CFL Bulb"
compression sprayer,sprayer,"compression sprayer, sprayer"
Concrete Dye,Cement Pigment,"Concrete Dye, Cement Pigment"
Concrete Floor Epoxy,Concrete Floor Paint,"Concrete Floor Epoxy, Concrete Floor Paint"
Cooking Fuel,Sterno,"Cooking Fuel, Sterno"
cooktop,cook top,"cooktop, cook top"
Cool Seal,Cooling Sealer,"Cool Seal, Cooling Sealer"
Cool Seal,Kool Seal,"Cool Seal, Kool Seal"
Cooleroo,Coolaroo,"Cooleroo, Coolaroo"
Copper Coat,CopperCoat,"Copper Coat, CopperCoat"
Copper Tape,Conductive Tape,"Copper Tape, Conductive Tape"
Copper Tape,Foil Tape,"Copper Tape, Foil Tape"
Corkboard,Cork Board,"Corkboard, Cork Board"
Corn Hole,Bean Bag Toss,"Corn Hole, Bean Bag Toss"
Cornhole,Bean Bag Toss,"Cornhole, Bean Bag Toss"
Coveralls,Overalls,"Coveralls, Overalls"
cow tails,cow tales,"cow tails, cow tales"
crabgrass,crab-grass,"crabgrass, crab-grass"
Craft,Hobby,"Craft, Hobby"
Craft,Artist,"Craft, Artist"
Craig Jig,Kreg Jig,"Craig Jig, Kreg Jig"
Creo Coat,CreoCoat,"Creo Coat, CreoCoat"
Creosote,Creocoat,"Creosote, Creocoat"
Crescent Wrench,Adjustable Wrench,"Crescent Wrench, Adjustable Wrench"
Crossover Max,CrossoverMax,"Crossover Max, CrossoverMax"
Cubical,Cubeical,"Cubical, Cubeical"
Damp Rid,DampRid,"Damp Rid, DampRid"
DC 39,DC39,"DC 39, DC39"
DC 47,DC47,"DC 47, DC47"
DC 50,DC50,"DC 50, DC50"
DC 59,DC59,"DC 59, DC59"
Decon,Dcon,"Decon, Dcon"
Decon,D-Con,"Decon, D-Con"
Decora,Rocker/GFCI,"Decora, Rocker/GFCI"
Decora,Rocker Switch,"Decora, Rocker Switch"
Deep Frier,Deep Fryer,"Deep Frier, Deep Fryer"
Deep Tone,Deeptone,"Deep Tone, Deeptone"
Deeptone,Deep Tone,"Deeptone, Deep Tone"
Deflecto,Jordan,"Deflecto, Jordan"
Deflecto,Deflect-O,"Deflecto, Deflect-O"
Dehydrater,Dehydrator,"Dehydrater, Dehydrator"
Dept. 56,Department 56,"Dept. 56, Department 56"
Dim and Glow,Dim & Glo,"Dim and Glow, Dim & Glo"
Dipit,Dip-It,"Dipit, Dip-It"
Direct Install,Plug and Play,"Direct Install, Plug and Play"
Direct Wired,Hard-Wired,"Direct Wired, Hard-Wired"
Direct Wired,Hardwired,"Direct Wired, Hardwired"
Directors Chair,Camping Chair,"Directors Chair, Camping Chair"
Disc Golf,Frisbee Golf,"Disc Golf, Frisbee Golf"
Dishwasher Detergent,Dishwashing Detergent,"Dishwasher Detergent, Dishwashing Detergent"
Dishwasher Drain Hose,Dishwasher Hose,"Dishwasher Drain Hose, Dishwasher Hose"
dishwasher drain hose,dishwasher discharge hose,"dishwasher drain hose, dishwasher discharge hose"
Dog Bed,Pet Bed,"Dog Bed, Pet Bed"
Dog Crate,Dog Cage,"Dog Crate, Dog Cage"
Dog Door,Pet Door,"Dog Door, Pet Door"
Dog Lead,Dog Leash,"Dog Lead, Dog Leash"
Doggie Door,Pet Door,"Doggie Door, Pet Door"
Doggy Door,Pet Door,"Doggy Door, Pet Door"
Dolley,Dolly,"Dolley, Dolly"
Door Buzzer,Door Bell,"Door Buzzer, Door Bell"
Door Buzzer,Door Chime,"Door Buzzer, Door Chime"
Door Closures,Door Closers,"Door Closures, Door Closers"
Door Jam,Door Jamb,"Door Jam, Door Jamb"
Doorjam,Door Jamb,"Doorjam, Door Jamb"
Doorjamb,Door Jamb,"Doorjamb, Door Jamb"
dormant oil,dormant spray,"dormant oil, dormant spray"
Double Lock,DoubleLock,"Double Lock, DoubleLock"
Downey,Downy,"Downey, Downy"
Draino,Drano,"Draino, Drano"
Dremmel,Dremel,"Dremmel, Dremel"
Drip System,Drip Irrigation,"Drip System, Drip Irrigation"
Drip Systems,Drip Irrigation,"Drip Systems, Drip Irrigation"
Driveway Sensor,Driveway Alarm,"Driveway Sensor, Driveway Alarm"
Drop Ceiling,Ceiling Tile,"Drop Ceiling, Ceiling Tile"
Dry wall Sander,Drywall Sander,"Dry wall Sander, Drywall Sander"
Dryloc,Drylok,"Dryloc, Drylok"
Duck Back,Duckback,"Duck Back, Duckback"
Duplicolor,Dupli-Color,"Duplicolor, Dupli-Color"
Dura cool,Duracool,"Dura cool, Duracool"
Dura Cool,Dura-Cool,"Dura Cool, Dura-Cool"
Dura Cool,Dura-Cool,"Dura Cool, Dura-Cool"
Duracool,Dura Cool,"Duracool, Dura Cool"
Duracool,Dura Cool,"Duracool, Dura Cool"
Dura-cool,Duracool,"Dura-cool, Duracool"
durgo valve,air admittance valve,"durgo valve, air admittance valve"
durgo valve,trap vent,"durgo valve, trap vent"
Dust Pan,Dustpan,"Dust Pan, Dustpan"
Duster,Dusting,"Duster, Dusting"
Duster,Dust ,"Duster, Dust "
Dusting Glove,Dusting Mitt,"Dusting Glove, Dusting Mitt"
Dutch Oven,Caldera,"Dutch Oven, Caldera"
Dyna Trap,Dynatrap,"Dyna Trap, Dynatrap"
E 12,E12,"E 12, E12"
Eagles Nest Outfitters,ENO,"Eagles Nest Outfitters, ENO"
Earth Kind,Earthkind,"Earth Kind, Earthkind"
Eastwing,Estwing,"Eastwing, Estwing"
Easy Power,Eazypower,"Easy Power, Eazypower"
Easy Power,Eazypower,"Easy Power, Eazypower"
Easyheat,Easy Heat,"Easyheat, Easy Heat"
Easypower,Eazypower,"Easypower, Eazypower"
Eazy Power,Eazypower,"Eazy Power, Eazypower"
Eazy power,Eazypower,"Eazy power, Eazypower"
Eco Smart,Ecosmart,"Eco Smart, Ecosmart"
Edenpure,Eden Pure,"Edenpure, Eden Pure"
edge trimmer,trimmer,"edge trimmer, trimmer",Change to related term when available
Edger,Trim,"Edger, Trim"
Elder Beetle,Boxelder,"Elder Beetle, Boxelder"
Electric Screwdriver,Cordless Screwdriver,"Electric Screwdriver, Cordless Screwdriver"
emergency repair tape,rescue tape,"emergency repair tape, rescue tape"
Energizer,Charger,"Energizer, Charger"
Epson Salt,Epsom Salt,"Epson Salt, Epsom Salt"
Essentials,Essential'Z,"Essentials, Essential'Z"
Evapo rust,Evapo-rust,"Evapo rust, Evapo-rust"
Evaporator Pad,Water Pad,"Evaporator Pad, Water Pad"
Evaporust,Evapo-rust,"Evaporust, Evapo-rust"
Ever Ready,Eveready,"Ever Ready, Eveready"
Everready,Eveready,"Everready, Eveready"
Expandable Hose,XHose,"Expandable Hose, XHose"
Expanding Foam,Insulating Sealant,"Expanding Foam, Insulating Sealant"
Expanding Hose,Xhose,"Expanding Hose, Xhose"
Expanding Hose,Pocket Hose,"Expanding Hose, Pocket Hose"
exta large,x-large,"exta large, x-large"
Extention Ladder,Extension Ladder,"Extention Ladder, Extension Ladder"
Extreme,Xtreme,"Extreme, Xtreme"
Extreme Temp,Xtreme Temp,"Extreme Temp, Xtreme Temp"
Eyebolt,Eye Bolt,"Eyebolt, Eye Bolt"
Eyebolt,Eyebolts,"Eyebolt, Eyebolts"
F & P,F&P,"F & P, F&P"
Fake Snow,Snow Flurries,"Fake Snow, Snow Flurries"
Fake Snow,Snow Blanket,"Fake Snow, Snow Blanket"
Fake Snow,Snow Cover,"Fake Snow, Snow Cover"
Fall,Harvest,"Fall, Harvest"
Fall,Autumn,"Fall, Autumn"
Fantastic,Fantastik,"Fantastic, Fantastik"
Farm Fence,Agricultural Fencing,"Farm Fence, Agricultural Fencing"
Farm Fence,Agricultural Fence,"Farm Fence, Agricultural Fence"
Farm Fence,Garden Fencing,"Farm Fence, Garden Fencing"
Farm Fence,Garden Fence,"Farm Fence, Garden Fence"
Farmers Almanac,Almanac,"Farmers Almanac, Almanac"
Fasten Master,FastenMaster,"Fasten Master, FastenMaster"
Faucet Protector,Faucet Cover,"Faucet Protector, Faucet Cover"
Ferrite Magnets ,Block Magnets,"Ferrite Magnets , Block Magnets"
Fiber Fix,FiberFix,"Fiber Fix, FiberFix"
Fiet,Feit,"Fiet, Feit"
fill valve,ballcock,"fill valve, ballcock"
Film Guard,Film-Gard,"Film Guard, Film-Gard"
Filmgard,Film-Gard,"Filmgard, Film-Gard"
Fine Point,Fine Tip,"Fine Point, Fine Tip"
FIP,FPT,"FIP, FPT"
FIPT,FPT,"FIPT, FPT"
Fire Bowl,Fire Pit,"Fire Bowl, Fire Pit"
Fire Grate,Fireplace Grate,"Fire Grate, Fireplace Grate"
Fire Retardant,Fire Resistant,"Fire Retardant, Fire Resistant"
Fire Retardant,Fire Suppressant,"Fire Retardant, Fire Suppressant"
Fire Retardant Spray,Fire Suppressant,"Fire Retardant Spray, Fire Suppressant"
Firepit,Fire Pit,"Firepit, Fire Pit"
Firepits,Fire Pit,"Firepits, Fire Pit"
Fireplace,Fire Table,"Fireplace, Fire Table"
Fireplace,Fire Pit,"Fireplace, Fire Pit"
Fireplace Broom,Corn Broom,"Fireplace Broom, Corn Broom"
Fireplace Broom,Fireplace Tool Set,"Fireplace Broom, Fireplace Tool Set"
Fireplace Glass Cleaner,Hearth Glass Cleaner,"Fireplace Glass Cleaner, Hearth Glass Cleaner"
Firepot,Outdoor Table Torch,"Firepot, Outdoor Table Torch"
Firesafe,Fire Safe,"Firesafe, Fire Safe"
Firewood Rack,Log Rack,"Firewood Rack, Log Rack"
Firstaid,First Aid,"Firstaid, First Aid"
Fiskers,Fiskars,"Fiskers, Fiskars"
Flagpole,Flag Pole,"Flagpole, Flag Pole"
Flame Tamer,Heat Diffuser,"Flame Tamer, Heat Diffuser"
flashlite,flashlight,"flashlite, flashlight"
Flat Hanger Screw,Acoustical Lag Anchor,"Flat Hanger Screw, Acoustical Lag Anchor"
Flat Head Tack ,Cut Tacks,"Flat Head Tack , Cut Tacks"
Flat Shovel,Square Point Shovel,"Flat Shovel, Square Point Shovel"
Flavor Injector,Marinade Injector,"Flavor Injector, Marinade Injector"
Flex Seal Tape,Flex Tape,"Flex Seal Tape, Flex Tape"
Flexseal,Flex Seal,"Flexseal, Flex Seal"
Flexseal Tape,Flex Tape,"Flexseal Tape, Flex Tape"
Flood Light,Floodlight,"Flood Light, Floodlight"
floor jack,motorcycle jack,"floor jack, motorcycle jack"
Floor Outlet,Floor Box,"Floor Outlet, Floor Box"
Floor Stripping Pad,Stripping Pad,"Floor Stripping Pad, Stripping Pad"
Floor Vent,Floor Register,"Floor Vent, Floor Register"
Flourecent,Fluorescent,"Flourecent, Fluorescent"
Flourescent,Fluorescent ,"Flourescent, Fluorescent "
Flower Food,Plant Food,"Flower Food, Plant Food"
Flower Pot,Terrapot,"Flower Pot, Terrapot"
Flower Pot,Planter,"Flower Pot, Planter"
Fluid Master,Fluidmaster,"Fluid Master, Fluidmaster"
Fly Paper,Fly Ribbon,"Fly Paper, Fly Ribbon"
Fly Paper,Fly Tape,"Fly Paper, Fly Tape"
Foam Tape,Weatherstripping,"Foam Tape, Weatherstripping"
Foam Window Seal,Weatherstripping,"Foam Window Seal, Weatherstripping"
Folding Shovel,car Shovel,"Folding Shovel, car Shovel"
Force Flex,ForceFlex,"Force Flex, ForceFlex"
Fox Farm,FoxFarm,"Fox Farm, FoxFarm"
Freon,Refrigerant,"Freon, Refrigerant"
Fridge and Freezer,Fridge-N-Freezer,"Fridge and Freezer, Fridge-N-Freezer"
Frost,Frosted,"Frost, Frosted"
Frost Cloth,Harvest Guard,"Frost Cloth, Harvest Guard"
Frost Cover,Harvest Guard,"Frost Cover, Harvest Guard"
Frosttop,Frost Top,"Frosttop, Frost Top"
Frosttop,Frostop,"Frosttop, Frostop"
"Fungicide, Miticide, Insecticide","Insect, Disease and Mite Control","Fungicide, Miticide, Insecticide, Insect, Disease and Mite Control"
Furniture Dolly,Hand Truck,"Furniture Dolly, Hand Truck"
Furniture Truck,Furniture Dolly,"Furniture Truck, Furniture Dolly"
G 16 1/2,G16.5,"G 16 1/2, G16.5"
G 16-1/2,G16-1/2,"G 16-1/2, G16-1/2"
G 16-1/2,G16.5,"G 16-1/2, G16.5"
G 25,G25,"G 25, G25"
G 4,G4,"G 4, G4"
G 4,G4,"G 4, G4"
G 8 ,G8,"G 8 , G8"
G16-1/2,G16.5,"G16-1/2, G16.5"
garbage can,refuse can ,"garbage can, refuse can "
garbage can,trash can,"garbage can, trash can"
Garbage Can,Trash Can,"Garbage Can, Trash Can"
Garden Duster,Hand Sprayer,"Garden Duster, Hand Sprayer"
Garden Duster,Plant Duster,"Garden Duster, Plant Duster"
Garden Globe,Gazing Ball,"Garden Globe, Gazing Ball"
Garden Scooter,Garden Cart,"Garden Scooter, Garden Cart"
garden sprayer,compression sprayer,"garden sprayer, compression sprayer"
garden sprayer,sprayer,"garden sprayer, sprayer"
Garden Wagon,Garden Cart,"Garden Wagon, Garden Cart"
Gate Wheel,Gate Caster,"Gate Wheel, Gate Caster"
Gazing Ball,Garden Globe,"Gazing Ball, Garden Globe"
GB,Gardner Bender,"GB, Gardner Bender"
Genarator,Generator,"Genarator, Generator"
Generater,Generator,"Generater, Generator"
Generator Plug,Generator Cord,"Generator Plug, Generator Cord"
Genisis,Genesis,"Genisis, Genesis"
George Forman,George Foreman,"George Forman, George Foreman"
Glazier's Points,Glazier Points,"Glazier's Points, Glazier Points"
Glue Remover,Adhesive Remover,"Glue Remover, Adhesive Remover"
GM,General Motors,"GM, General Motors"
Gnat,Natz,"Gnat, Natz"
Gnats,Natz,"Gnats, Natz"
Go Jo,Gojo,"Go Jo, Gojo"
Goodness Knows,Goodnessknows,"Goodness Knows, Goodnessknows"
Grandpa Weeder,Grampa's Weeder,"Grandpa Weeder, Grampa's Weeder"
Grandpa's Weeder,Grampa's Weeder,"Grandpa's Weeder, Grampa's Weeder"
Grass Clippers,Grass Shears,"Grass Clippers, Grass Shears"
Grass Seed,Lawn Seed,"Grass Seed, Lawn Seed"
gravity chair,relaxer chair,"gravity chair, relaxer chair"
Grease Pencil,China Marker,"Grease Pencil, China Marker"
Grill Boss,GrillBoss,"Grill Boss, GrillBoss"
Grilling Pellets,Wood Pellets,"Grilling Pellets, Wood Pellets"
GrillMark,Grill Mark,"GrillMark, Grill Mark"
Gromet,Grommet,"Gromet, Grommet"
Grout Rake,Grout Saw,"Grout Rake, Grout Saw"
Grub Ex,Grubex,"Grub Ex, Grubex"
Grub X,GrubEx,"Grub X, GrubEx"
Guage,Gauge,"Guage, Gauge"
Guages,Gauges,"Guages, Gauges"
Gutter Brush,GutterBrush,"Gutter Brush, GutterBrush"
Gutter Gaurd,Gutter Guard,"Gutter Gaurd, Gutter Guard"
Gutter Stuff,Gutterstuff,"Gutter Stuff, Gutterstuff"
GY 6.4,GY6.4,"GY 6.4, GY6.4"
Gym Shoe,Sneaker,"Gym Shoe, Sneaker"
Hackzall Blade,Reciprocating Saw Blade,"Hackzall Blade, Reciprocating Saw Blade"
Hamock,Hammock,"Hamock, Hammock"
hand cleaner,hand soap,"hand cleaner, hand soap"
hand soap,hand cleaner,"hand soap, hand cleaner"
handicap toilet seat,elevated toilet seat,"handicap toilet seat, elevated toilet seat"
Handwarmers,Hand Warmers,"Handwarmers, Hand Warmers"
Hanging Basket,Hanging Garden,"Hanging Basket, Hanging Garden"
Hanging Scale,Luggage Scale,"Hanging Scale, Luggage Scale"
Have a Heart,Havahart,"Have a Heart, Havahart"
Haveahart,Havahart,"Haveahart, Havahart"
Headless,Micropin,"Headless, Micropin"
Headless,Micro pin,"Headless, Micro pin"
Heated Dog Bowl,Heated Pet Bowl,"Heated Dog Bowl, Heated Pet Bowl"
Heated Water Bowl,Heated Pet Bowl,"Heated Water Bowl, Heated Pet Bowl"
Heated Water Hose,Heated Hose,"Heated Water Hose, Heated Hose"
Helicoil,Heli-Coil,"Helicoil, Heli-Coil"
Hersheys,Hershey,"Hersheys, Hershey"
Hershey's,Hershey,"Hershey's, Hershey"
Hex,Allen,"Hex, Allen"
High Hide,Hi-Hide,"High Hide, Hi-Hide"
Highh Temp Paint,High Heat ,"Highh Temp Paint, High Heat "
Hi-Hide,High Hide,"Hi-Hide, High Hide"
Hilman,Hillman,"Hilman, Hillman"
Hobby,Artist,"Hobby, Artist"
Holiday Light Tester,Light Keeper,"Holiday Light Tester, Light Keeper"
Holloween,Halloween,"Holloween, Halloween"
Home Brite,HomeBrite,"Home Brite, HomeBrite"
Homeplus,Home Plus,"Homeplus, Home Plus"
Hook Blade,Roofing Blade,"Hook Blade, Roofing Blade"
Hose Caddy,Hose Reel,"Hose Caddy, Hose Reel"
Hose Wheel,Hose Reel,"Hose Wheel, Hose Reel"
Hot Traxx,Hot Trax,"Hot Traxx, Hot Trax"
hth Shock Treatment,hth Shock System,"hth Shock Treatment, hth Shock System"
Humidity Sensor,Hygrometer,"Humidity Sensor, Hygrometer"
Huriclean,Hurriclean,"Huriclean, Hurriclean"
Hurri Clean,HurriClean,"Hurri Clean, HurriClean"
Hurricane Clip,Hurricane Tie,"Hurricane Clip, Hurricane Tie"
Hurricane Clip,Hurricane Ties,"Hurricane Clip, Hurricane Ties"
Hurricane Clips,Hurricane Tie,"Hurricane Clips, Hurricane Tie"
Hurricane Clips,Hurricane Ties,"Hurricane Clips, Hurricane Ties"
Huskavarna,Husqvarna,"Huskavarna, Husqvarna"
Husqavarna,Husqvarna,"Husqavarna, Husqvarna"
Husquvarna,Husqvarna,"Husquvarna, Husqvarna"
Hydrant,Wall Hydrant,"Hydrant, Wall Hydrant"
Hydrant,Wall Faucet,"Hydrant, Wall Faucet"
Hydrant,Yard Hydrant,"Hydrant, Yard Hydrant"
Hydro Moose,Hydro Mousse,"Hydro Moose, Hydro Mousse"
Hydro Mouse,Hydro Mousse,"Hydro Mouse, Hydro Mousse"
Hydromousse,Hydro Mousse,"Hydromousse, Hydro Mousse"
Hydroseed,Liquid Lawn Grass Seed,"Hydroseed, Liquid Lawn Grass Seed"
Hydroseed,Hydro Seed,"Hydroseed, Hydro Seed"
i Robot,iRobot,"i Robot, iRobot"
ice chipper,ice scraper,"ice chipper, ice scraper"
Ice Cream Churn,Ice Cream Maker,"Ice Cream Churn, Ice Cream Maker"
Ice Cream Churner,Ice Cream Maker,"Ice Cream Churner, Ice Cream Maker"
Ice Maker Cleaner,Ice Machine Cleaner,"Ice Maker Cleaner, Ice Machine Cleaner"
Ice Melt Spreader,Salt Spreader,"Ice Melt Spreader, Salt Spreader"
ice mule,icemule,"ice mule, icemule"
Ice no More,Ice No Mor,"Ice no More, Ice No Mor"
Immersion Blender,Hand Blender,"Immersion Blender, Hand Blender"
Impact Gun,Impact Wrench,"Impact Gun, Impact Wrench"
Infared,Infrared,"Infared, Infrared"
Inflatable,Airblown,"Inflatable, Airblown"
Inflatable Tube,Floating Tube,"Inflatable Tube, Floating Tube"
Inflatable Tube,Towable Tube,"Inflatable Tube, Towable Tube"
Innertube,Inner Tube,"Innertube, Inner Tube"
Insect Control,Insect Killer,"Insect Control, Insect Killer"
Insecticide,Insect Killer,"Insecticide, Insect Killer"
Insta Fire,InstaFire,"Insta Fire, InstaFire"
Inter Design,Interdesign,"Inter Design, Interdesign"
invisible tape,gift wrap tape,"invisible tape, gift wrap tape"
Irrigation Boots,Rubber Boots,"Irrigation Boots, Rubber Boots"
Japanese Lady Beetle,Japanese Beetle,"Japanese Lady Beetle, Japanese Beetle"
Japanese Lady Bug,Japanese Beetle,"Japanese Lady Bug, Japanese Beetle"
Jerkey,Jerky,"Jerkey, Jerky"
Jobe,Jobes,"Jobe, Jobes"
Jobes,Jobe's,"Jobes, Jobe's"
Jobes,Jobe,"Jobes, Jobe"
Johnny Almond,Jonny Almond,"Johnny Almond, Jonny Almond"
Jonothan Green,Jonathan Green,"Jonothan Green, Jonathan Green"
KCups,K-Cups,"KCups, K-Cups"
Kerig,Keurig,"Kerig, Keurig"
Kerosine,Kerosene,"Kerosine, Kerosene"
Key Chain,Key Ring,"Key Chain, Key Ring"
Key Chain,Keychain,"Key Chain, Keychain"
Key Hider,Keyhider,"Key Hider, Keyhider"
Key Ring,Key Chain,"Key Ring, Key Chain"
key smart,keysmart,"key smart, keysmart"
Kiddie,Kids,"Kiddie, Kids"
Kiddie Pool,Family Pool,"Kiddie Pool, Family Pool"
Kiddie Pool,Inflatable Pool,"Kiddie Pool, Inflatable Pool"
Kids Shower head,CHILDRENS SHOWER HEAD,"Kids Shower head, CHILDRENS SHOWER HEAD"
Kids Showerhead,CHILDRENS SHOWER HEAD,"Kids Showerhead, CHILDRENS SHOWER HEAD"
Killz,Kilz,"Killz, Kilz"
Kingsford caddy,Kingsford Kaddy,"Kingsford caddy, Kingsford Kaddy"
Kitchen Aid,Kitchenaid,"Kitchen Aid, Kitchenaid"
Kitchenaide,Kitchenaid,"Kitchenaide, Kitchenaid"
Kitchenaide,Kitchenaid,"Kitchenaide, Kitchenaid"
Kregg,Kreg,"Kregg, Kreg"
Krud Cutter,Krud Kutter,"Krud Cutter, Krud Kutter"
KT,Kaytee,"KT, Kaytee"
Kwickset,Kwikset,"Kwickset, Kwikset"
Lady Bettle,Japanese Beetle,"Lady Bettle, Japanese Beetle"
Lady Bugs,Japanese Beetle,"Lady Bugs, Japanese Beetle"
Ladybug Trap,Beetle Trap,"Ladybug Trap, Beetle Trap"
Lag Bolt,Lag Screw,"Lag Bolt, Lag Screw"
Lantern,Lamp,"Lantern, Lamp"
Laquer,Lacquer,"Laquer, Lacquer"
Laser Tape Measure,Laser Measure,"Laser Tape Measure, Laser Measure"
Laser Tape Measure,Laser Distance,"Laser Tape Measure, Laser Distance"
Laundry Detergent,Laundry Soap,"Laundry Detergent, Laundry Soap"
Laundry Hamper,Laundry Sorter,"Laundry Hamper, Laundry Sorter"
Lawn Furniture,Patio Furniture,"Lawn Furniture, Patio Furniture"
Lawn Seed,Grass Seed,"Lawn Seed, Grass Seed"
Lawn Sweep,Lawn Sweeper,"Lawn Sweep, Lawn Sweeper"
Lazer Light,Laser Light,"Lazer Light, Laser Light"
Leaf Funnel,Leaf Chute,"Leaf Funnel, Leaf Chute"
LED Tube,LED Linear,"LED Tube, LED Linear"
Lemishine,Lemi Shine,"Lemishine, Lemi Shine"
LFL,Linear,"LFL, Linear"
Licorice,Liquorice,"Licorice, Liquorice"
Life Straw,Lifestraw,"Life Straw, Lifestraw"
Lifegear,Life+Gear,"Lifegear, Life+Gear"
Light,Illuminated,"Light, Illuminated"
light bulb adapter,socket adapter,"light bulb adapter, socket adapter"
Lighted,Illuminated,"Lighted, Illuminated"
Lighted,Illuminated,"Lighted, Illuminated"
Lightkeeper,Light Keeper,"Lightkeeper, Light Keeper"
Lime Away,Lime-A-Way,"Lime Away, Lime-A-Way"
LIme-Away,Lime-A-Way,"LIme-Away, Lime-A-Way"
line trimmer,trimmer,"line trimmer, trimmer",Change to related term when available
Liquid Plumber,Liquid Plumr,"Liquid Plumber, Liquid Plumr"
Liquid Starch,Starch,"Liquid Starch, Starch"
Liquorice,Licorice,"Liquorice, Licorice"
Lit ,Illuminated,"Lit , Illuminated"
Lithium Ion,Lithium-Ion,"Lithium Ion, Lithium-Ion"
litter boxes,litter pan,"litter boxes, litter pan"
Lock Tight,Loctite,"Lock Tight, Loctite"
Locktight,Loctite,"Locktight, Loctite"
Locktite,Loctite,"Locktite, Loctite"
Locktite,Loctite,"Locktite, Loctite"
Log Carrier,Log Rack,"Log Carrier, Log Rack"
LOW BOY,LOWBOY,"LOW BOY, LOWBOY"
LP Gas,Propane,"LP Gas, Propane"
LP Tank,Propane Cylinder,"LP Tank, Propane Cylinder"
Magic Trax,Magic Tracks,"Magic Trax, Magic Tracks"
Magnesium Sulfate,Epsom Salt,"Magnesium Sulfate, Epsom Salt"
Magnetic Wreath Holder,Magnetic Wreath Hanger,"Magnetic Wreath Holder, Magnetic Wreath Hanger"
mail box,mailbox,"mail box, mailbox"
mail boxes,mailbox,"mail boxes, mailbox"
mailboxes,mailbox,"mailboxes, mailbox"
Majic Tracks,Magic Tracks,"Majic Tracks, Magic Tracks"
Mandrels,Arbors,"Mandrels, Arbors"
Manilla Rope,Manila Rope,"Manilla Rope, Manila Rope"
Manure Fork,Pitchfork,"Manure Fork, Pitchfork"
Maple Tap Supplies,Tap My Trees,"Maple Tap Supplies, Tap My Trees"
Marinade Injector,Flavor Injector,"Marinade Injector, Flavor Injector"
Mason Jar,Ball Jar,"Mason Jar, Ball Jar"
Masonry Line,Chalk Line,"Masonry Line, Chalk Line"
Masonry Line,Chalk Reel,"Masonry Line, Chalk Reel"
mc cable,electrical armored cable ,"mc cable, electrical armored cable "
Measure Cups,Measuring Cups,"Measure Cups, Measuring Cups"
MEAT PROBE,MEAT PROBE,MEAT PROBE
Medium Screw,Medium Base (E26),"Medium Screw, Medium Base (E26)"
Mega Bini,Megabini,"Mega Bini, Megabini"
Meguiars,Meguiar's,"Meguiars, Meguiar's"
Meyer's,Mrs. Meyer's,"Meyer's, Mrs. Meyer's"
Micro Pin,Micropin,"Micro Pin, Micropin"
Micro Switch,Appliance Switch ,"Micro Switch, Appliance Switch "
Micropin,Micro Pin,"Micropin, Micro Pin"
Microwave Bulb,Appliance Light Bulb,"Microwave Bulb, Appliance Light Bulb"
Mid Tone,Midtone,"Mid Tone, Midtone"
Midtone,Mid Tone,"Midtone, Mid Tone"
milk crate,storage crate,"milk crate, storage crate"
Milwakee,Milwaukee,"Milwakee, Milwaukee"
Mini Bini,Minibini,"Mini Bini, Minibini"
Mister Fan,Misting Fan,"Mister Fan, Misting Fan"
Modge Podge,Mod Podge,"Modge Podge, Mod Podge"
Mold Ex,Moldex,"Mold Ex, Moldex"
Molding,Moulding,"Molding, Moulding"
Monstermoto,Monster Moto,"Monstermoto, Monster Moto"
Morter,Mortar,"Morter, Mortar"
motorcycle jack,floor jack,"motorcycle jack, floor jack"
MR 11,MR11,"MR 11, MR11"
MR 16,MR16,"MR 16, MR16"
Mrs Myers,Mrs Meyers,"Mrs Myers, Mrs Meyers"
Mulch Fork,Pitchfork,"Mulch Fork, Pitchfork"
Mulcher,Chipper,"Mulcher, Chipper"
Mulching Fork,Pitchfork,"Mulching Fork, Pitchfork"
Multi-Purpose,Multi-Use,"Multi-Purpose, Multi-Use"
Multisurface,Multi Surface,"Multisurface, Multi Surface"
Multi-Surface,Multi Surface,"Multi-Surface, Multi Surface"
Muratic Acid,Muriatic Acid,"Muratic Acid, Muriatic Acid"
Name Tag,Name Badge,"Name Tag, Name Badge"
Navel Jelly,Naval Jelly,"Navel Jelly, Naval Jelly"
Nest Cam,Nest Camera,"Nest Cam, Nest Camera"
Never Wet,NeverWet,"Never Wet, NeverWet"
Niteize,Nite Ize,"Niteize, Nite Ize"
No-Calk,No-Caulk and No-Calk,"No-Calk, No-Caulk and No-Calk"
Nordic Ware,Nordicware,"Nordic Ware, Nordicware"
Nutone,Broan,"Nutone, Broan"
Oacesis,O-Ace-Sis,"Oacesis, O-Ace-Sis"
Oak Brook,OakBrook,"Oak Brook, OakBrook"
Ocedar,O-Cedar,"Ocedar, O-Cedar"
Odo Ban,Odoban,"Odo Ban, Odoban"
Odor Shield,OdorShield,"Odor Shield, OdorShield"
Odors Out,Odorzout,"Odors Out, Odorzout"
Odorsout,Odorzout,"Odorsout, Odorzout"
Off Set Umbrella,Offset Umbrella,"Off Set Umbrella, Offset Umbrella"
Okeefes,Okeeffes,"Okeefes, Okeeffes"
O'keefes,O'Keeffe's,"O'keefes, O'Keeffe's"
O'Keefes,O'Keeffe's,"O'Keefes, O'Keeffe's"
Okeeffes,O'Keeffe's,"Okeeffes, O'Keeffe's"
Old Fashion Candy,Old Fashioned Candies,"Old Fashion Candy, Old Fashioned Candies"
On Demand Water Heater,Tankless Water Heater,"On Demand Water Heater, Tankless Water Heater"
"Ottoman, ottoman",Fabric Pouf,"Ottoman, ottoman, Fabric Pouf"
Outdoor Wall Fixture,Outdoor Wall Lantern,"Outdoor Wall Fixture, Outdoor Wall Lantern"
Outlet Cover,Wall Plate,"Outlet Cover, Wall Plate"
Oven Bulb,Appliance Bulb,"Oven Bulb, Appliance Bulb"
Oven Element,Bake Element,"Oven Element, Bake Element"
Oven element,bake element,"Oven element, bake element"
oven heating element,bake element,"oven heating element, bake element"
Oven Light Bulb,Appliance Bulb,"Oven Light Bulb, Appliance Bulb"
Overalls,Coveralls,"Overalls, Coveralls"
Oxalic Acid,Wood Bleach,"Oxalic Acid, Wood Bleach"
Oxi Clean,Oxiclean,"Oxi Clean, Oxiclean"
Oxiclean,Oxi Clean,"Oxiclean, Oxi Clean"
Oxyclean,Oxi Clean,"Oxyclean, Oxi Clean"
Oxyclean,Oxiclean,"Oxyclean, Oxiclean"
packing tape,packaging tape,"packing tape, packaging tape"
packing tape,sealing tape,"packing tape, sealing tape"
Paint Remover,Paint Stripper,"Paint Remover, Paint Stripper"
Paint Stripper,Paint Remover,"Paint Stripper, Paint Remover"
Paintmaster,Paint Master,"Paintmaster, Paint Master"
Panic Bar,Exit Device,"Panic Bar, Exit Device"
PAR 16,PAR16,"PAR 16, PAR16"
PAR 20,PAR20,"PAR 20, PAR20"
PAR 30,PAR30,"PAR 30, PAR30"
PAR 38,PAR38,"PAR 38, PAR38"
Paver Sand,Jointing Sand,"Paver Sand, Jointing Sand"
Peg Hook Tag Backer,Bin Tag Holder,"Peg Hook Tag Backer, Bin Tag Holder"
Perculator,Percolator,"Perculator, Percolator"
Perculator,Percolator,"Perculator, Percolator"
Pet Hair Sweeper,Pet Hair Remover,"Pet Hair Sweeper, Pet Hair Remover"
Pet Safe,PetSafe,"Pet Safe, PetSafe"
Pex Crimp,Pex Crimper,"Pex Crimp, Pex Crimper"
Pex Crimper,Pex Crimp,"Pex Crimper, Pex Crimp"
Pex Crimper,Pex Crimp,Pex Crimper
Pickaroon,Council Tool,"Pickaroon, Council Tool"
Pickeroon,Council Tool,"Pickeroon, Council Tool"
Pinecone,Pine Cone,"Pinecone, Pine Cone"
Pinesol,Pine Sol,"Pinesol, Pine Sol"
Pine-Sol,Pine Sol,"Pine-Sol, Pine Sol"
Ping Pong,Table Tennis,"Ping Pong, Table Tennis"
Pinner,Micropin,"Pinner, Micropin"
Pinner,Micro Pin,"Pinner, Micro Pin"
Pitboss,Pit Boss,"Pitboss, Pit Boss"
Pitch Fork,Pitchfork,"Pitch Fork, Pitchfork"
Plant Dolly,Plant Cart,"Plant Dolly, Plant Cart"
Plant Dolly,Movers Dolly,"Plant Dolly, Movers Dolly"
Plant Pulley,Plant Caddy,"Plant Pulley, Plant Caddy"
Plant Starter,Plant Food,"Plant Starter, Plant Food"
Planting Soil,Potting Soil,"Planting Soil, Potting Soil"
Plastic Barb,Nylon,"Plastic Barb, Nylon"
Playsand,Play Sand,"Playsand, Play Sand"
Playtex Gloves,Disposable Gloves,"Playtex Gloves, Disposable Gloves"
Plexi Glass,Acrylic Sheet,"Plexi Glass, Acrylic Sheet"
Plexiglass,Acrylic Sheet,"Plexiglass, Acrylic Sheet"
Plexi-Glass,Plexiglass,"Plexi-Glass, Plexiglass"
Plexy Glass,Acrylic Sheet,"Plexy Glass, Acrylic Sheet"
Plexyglass,Acrylic Sheet,"Plexyglass, Acrylic Sheet"
Plug In,Plug-Ins,"Plug In, Plug-Ins"
Poinsetta,Poinsiettia,"Poinsetta, Poinsiettia"
Pole Pruner,Tree Pruner,"Pole Pruner, Tree Pruner"
Pole Saw Blade,Pole Pruner,"Pole Saw Blade, Pole Pruner"
Pole Saw Blade,Tree Pruner,"Pole Saw Blade, Tree Pruner"
Poly tubing,Weatherstripping,"Poly tubing, Weatherstripping"
Polymeric Sand,Jointing Sand,"Polymeric Sand, Jointing Sand"
Polymeric Sand,Joint Sand,"Polymeric Sand, Joint Sand"
Poo Pouri,Poo Pourri,"Poo Pouri, Poo Pourri"
Poo Pourri,Poo-Pourri,"Poo Pourri, Poo-Pourri"
Pool Raft,Pool Float,"Pool Raft, Pool Float"
Pooper Scooper,Super Scooper,"Pooper Scooper, Super Scooper"
Poopouri,Poo Pourri,"Poopouri, Poo Pourri"
Poopourri,Poo-Pourri,"Poopourri, Poo-Pourri"
pop,sparkling water,"pop, sparkling water"
Popsicle,Freezer Pop,"Popsicle, Freezer Pop"
Poptart,Pop Tart,"Poptart, Pop Tart"
Poptarts,Pop Tarts,"Poptarts, Pop Tarts"
Porta Cool,Port-a-Cool,"Porta Cool, Port-a-Cool"
Portable Charger,Backup Charger,"Portable Charger, Backup Charger"
Portacool,Port-a-Cool,"Portacool, Port-a-Cool"
Post Bulb,Post Light,"Post Bulb, Post Light"
Post light bulb,Post Light,"Post light bulb, Post Light"
Post Lightbulb,Post Light,"Post Lightbulb, Post Light"
Postlight,Post Light,"Postlight, Post Light"
Pot Ash,Potash,"Pot Ash, Potash"
Potasium,Potassium,"Potasium, Potassium"
Pour and Restore,Pour-n-Restore,"Pour and Restore, Pour-n-Restore"
Powder Cleaner,Powder Cleanser,"Powder Cleaner, Powder Cleanser"
Power Bank,Backup Charger,"Power Bank, Backup Charger"
Power Glide,PowerGlide,"Power Glide, PowerGlide"
Pro Cell,ProCell,"Pro Cell, ProCell"
Pro Temp,Protemp,"Pro Temp, Protemp"
ProImpact,Pro Impact,"ProImpact, Pro Impact"
Promix,Pro-mix,"Promix, Pro-mix"
Propane,LP Gas,"Propane, LP Gas"
Propane Fire Pit,Gas Fire Pit,"Propane Fire Pit, Gas Fire Pit"
Propane Tank,Propane Cylinder,"Propane Tank, Propane Cylinder"
Proven,Pruven,"Proven, Pruven"
Pruning Paint,Pruning Sealer,"Pruning Paint, Pruning Sealer"
Pruning Paint,Pruning Seal,"Pruning Paint, Pruning Seal"
Pruning Seal,Pruning Sealer,"Pruning Seal, Pruning Sealer"
Pruning Seal,Pruning Paint,"Pruning Seal, Pruning Paint"
Pruning Sealer,Pruning Seal,"Pruning Sealer, Pruning Seal"
Pruning Sealer,Pruning Paint,"Pruning Sealer, Pruning Paint"
Pully,Pulley,"Pully, Pulley"
Pulsating Sprinkler,Impulse Sprinkler,"Pulsating Sprinkler, Impulse Sprinkler"
Puppy Pads,Training Pads,"Puppy Pads, Training Pads"
Push Point,Glazier Points,"Push Point, Glazier Points"
Push Wire,Pushwire,"Push Wire, Pushwire"
Pushwire,Push Wire,"Pushwire, Push Wire"
PVA Glue,PVA Primer,"PVA Glue, PVA Primer"
Q Tips,Cotton Swabs,"Q Tips, Cotton Swabs"
Q-Tips,Cotton Swabs,"Q-Tips, Cotton Swabs"
Quick Crete,Quikrete,"Quick Crete, Quikrete"
Quick Set Concrete,Fast Setting Concrete,"Quick Set Concrete, Fast Setting Concrete"
Quick Steel,QuikSteel,"Quick Steel, QuikSteel"
Quickcrete,Quikrete,"Quickcrete, Quikrete"
QuickSteel,QuikSteel,"QuickSteel, QuikSteel"
Quik Joe,Qik Joe,"Quik Joe, Qik Joe"
Quik Steel,QuikSteel,"Quik Steel, QuikSteel"
R 14,R14,"R 14, R14"
R 16,R16,"R 16, R16"
R 20 ,R20,"R 20 , R20"
Rachet,Ratchet,"Rachet, Ratchet"
Rack for Caulking,Caulking Rack,"Rack for Caulking, Caulking Rack"
rags,cleaning cloths,"rags, cleaning cloths"
Rain Coat,RainCoat,"Rain Coat, RainCoat"
Rainex,Rain-X,"Rainex, Rain-X"
Rapid Fuse,Rapidfuse,"Rapid Fuse, Rapidfuse"
Rat X,RatX,"Rat X, RatX"
Ratchet,Socket Wrench,"Ratchet, Socket Wrench"
Ray-O-Vac,Rayovac,"Ray-O-Vac, Rayovac"
readers,reading glasses,"readers, reading glasses"
Readi Mix Concrete,Ready Mix Concrete,"Readi Mix Concrete, Ready Mix Concrete"
Readi-Mix Concrete,Ready Mix Concrete,"Readi-Mix Concrete, Ready Mix Concrete"
reading glasses ,readers,"reading glasses , readers"
Ready Heater,Reddy Heater,"Ready Heater, Reddy Heater"
Ready Heater,Reddy Heater,"Ready Heater, Reddy Heater"
Ready-Mix Concrete,Ready Mix Concrete,"Ready-Mix Concrete, Ready Mix Concrete"
Rebound Marker,Driveway Marker,"Rebound Marker, Driveway Marker"
Receipt Tape,Receipt Paper,"Receipt Tape, Receipt Paper"
Receptical,Receptacle,"Receptical, Receptacle"
Rechargable Flashlight,Rechargeable Flashlight,"Rechargable Flashlight, Rechargeable Flashlight"
Reciept Paper,Receipt Paper,"Reciept Paper, Receipt Paper"
Reciprocating Saw Blade,Sawzall Blade,"Reciprocating Saw Blade, Sawzall Blade"
Reciprocating Saw Blade,Hackzall Blade,"Reciprocating Saw Blade, Hackzall Blade"
Rector Seal,Rectorseal,"Rector Seal, Rectorseal"
Red Gard,Redgard,"Red Gard, Redgard"
red gard,redgard,"red gard, redgard"
Redguard,Redgard,"Redguard, Redgard"
Redi Mix Concrete,Ready Mix Concrete,"Redi Mix Concrete, Ready Mix Concrete"
Redi-Mix Concrete,Ready Mix Concrete,"Redi-Mix Concrete, Ready Mix Concrete"
Reflective Mailbox Letters,Reflective Letters,"Reflective Mailbox Letters, Reflective Letters"
Rejuvinate,Rejuvenate,"Rejuvinate, Rejuvenate"
Remote Grill Thermometer,Wireless Grill Thermometer,"Remote Grill Thermometer, Wireless Grill Thermometer"
Removable Caulk,Seal N Peel,"Removable Caulk, Seal N Peel"
Replacement Shovel Handle,Shovel Handle,"Replacement Shovel Handle, Shovel Handle"
Replacement Tread,Stair Tread,"Replacement Tread, Stair Tread"
Restore a Finish,Restor-A-Finish,"Restore a Finish, Restor-A-Finish"
Retailer Input Team,RIT,"Retailer Input Team, RIT"
Retractable Extension Cord,Retractable Cord,"Retractable Extension Cord, Retractable Cord"
Retractable Extension Cord,Retractable Cord Reel,"Retractable Extension Cord, Retractable Cord Reel"
Rid ex,Rid-X,"Rid ex, Rid-X"
Rid-ex,Rid-X,"Rid-ex, Rid-X"
Ridx,Rid-X,"Ridx, Rid-X"
Ripping,Framing,"Ripping, Framing"
RIT,Retailer Input Team,"RIT, Retailer Input Team"
Rivet Gun,Rivet Tool,"Rivet Gun, Rivet Tool"
roach proof,roach prufe,"roach proof, roach prufe"
Roach Prufe,Boric Acid,"Roach Prufe, Boric Acid"
Rocker Chair,Rocking Chair,"Rocker Chair, Rocking Chair"
Rocking Chair,Rocker Chair,"Rocking Chair, Rocker Chair"
Rodent Sherriff,Rodent Sheriff,"Rodent Sherriff, Rodent Sheriff"
Roofing Blade,Hook Blade,"Roofing Blade, Hook Blade"
Roofmelt,Roof Melt,"Roofmelt, Roof Melt"
Rotiserie,Rotisserie,"Rotiserie, Rotisserie"
Rotissierie,Rotisserie,"Rotissierie, Rotisserie"
Roto Tiller,Rototiller,"Roto Tiller, Rototiller"
Rubber Air Hose,Air Hose,"Rubber Air Hose, Air Hose"
Rubber Maid,Rubbermaid,"Rubber Maid, Rubbermaid"
Rug Dr,Rug Doctor,"Rug Dr, Rug Doctor"
Rumba,Roomba,"Rumba, Roomba"
Rumba,Roomba,"Rumba, Roomba"
Rust Stop,Ruststop,"Rust Stop, Ruststop"
Rustolium,Rust-oleum,"Rustolium, Rust-oleum"
Ruststop,Rust Stop,"Ruststop, Rust Stop"
Saber Saw,Jig Saw,"Saber Saw, Jig Saw"
Saber Saw,Jigsaw,"Saber Saw, Jigsaw"
Safestep,Safe Step,"Safestep, Safe Step"
Safety Readers,Safety Reading Glasses,"Safety Readers, Safety Reading Glasses"
Sand Blaster,Sandblaster,"Sand Blaster, Sandblaster"
Sand Paper Holder,Sanding Block,"Sand Paper Holder, Sanding Block"
Sandpaper holder,Sanding Block,"Sandpaper holder, Sanding Block"
Sanistick,Sani Stick,"Sanistick, Sani Stick"
Sani-stick,Sani Stick,"Sani-stick, Sani Stick"
Sathers Bag Candy,Sathers Candy,"Sathers Bag Candy, Sathers Candy"
Saucer,Terratray,"Saucer, Terratray"
Sav-a-thread,Heli-Coil,"Sav-a-thread, Heli-Coil"
saw horses,sawhorses,"saw horses, sawhorses"
Sawsall,Sawzall,"Sawsall, Sawzall"
Sawzall,Reciprocating Saw,"Sawzall, Reciprocating Saw"
Sawzall Blade,Reciprocating Saw Blade,"Sawzall Blade, Reciprocating Saw Blade"
Scan Hook Tag Backer,Bin Tag Holder,"Scan Hook Tag Backer, Bin Tag Holder"
Scanner Hook,Scan Hook,"Scanner Hook, Scan Hook"
Scanner Hooks,Scanning Hooks,"Scanner Hooks, Scanning Hooks"
Scanning Hook,Scan Hook,"Scanning Hook, Scan Hook"
Schrader Valve,Schrader,"Schrader Valve, Schrader"
Schumacher Red Fuel,Red Fuel,"Schumacher Red Fuel, Red Fuel"
Scissors,Shears,"Scissors, Shears"
Scotch Guard,Scotchgard,"Scotch Guard, Scotchgard"
Scotch Tape,Clear Tape,"Scotch Tape, Clear Tape"
Scotch Tape,Transparent Tape,"Scotch Tape, Transparent Tape"
Scotch Tape,Invisible Tape,"Scotch Tape, Invisible Tape"
Scotch Tape,Gift Wrap Tape,"Scotch Tape, Gift Wrap Tape"
Screen Door Protector,Screen Door Grille,"Screen Door Protector, Screen Door Grille"
Screendoor,Screen Door,"Screendoor, Screen Door"
Sea Choice,Seachoice,"Sea Choice, Seachoice"
Seal and Peel,Seal n Peel,"Seal and Peel, Seal n Peel"
Seal Coat,SealCoat,"Seal Coat, SealCoat"
Seal Tape,Weather Stripping,"Seal Tape, Weather Stripping"
Seal Tech,SealTech,"Seal Tech, SealTech"
sealing tape,packaging tape,"sealing tape, packaging tape"
Sector Base,Sectr Bse,"Sector Base, Sectr Bse"
Self Close,Soft Close,"Self Close, Soft Close"
Self Closing,Soft Close,"Self Closing, Soft Close"
Shade Tent,Canopy,"Shade Tent, Canopy"
Shaver,Razor,"Shaver, Razor"
Sheer Pin,Shear Pins,"Sheer Pin, Shear Pins"
Sheer Pins,Shear Pins,"Sheer Pins, Shear Pins"
shepard,Shepherd,"shepard, Shepherd"
shepards,Shepherd,"shepards, Shepherd"
shepard's,Shepherd,"shepard's, Shepherd"
Shepards Hook,Shepherds Hook,"Shepards Hook, Shepherds Hook"
sheperd,Shepherd,"sheperd, Shepherd"
sheperds,Shepherd,"sheperds, Shepherd"
shephard,Shepherd,"shephard, Shepherd"
shephards,Shepherd,"shephards, Shepherd"
shephard's,Shepherd,"shephard's, Shepherd"
Shephards Hook,Shepherds Hook,"Shephards Hook, Shepherds Hook"
shepherd's,Shepherd,"shepherd's, Shepherd"
Sheppard,Shepherd,"Sheppard, Shepherd"
Sheppards,Shepherd,"Sheppards, Shepherd"
Sheppard's,Shepherd,"Sheppard's, Shepherd"
Shepperd,Shepherd,"Shepperd, Shepherd"
Shepperds,Shepherd,"Shepperds, Shepherd"
Shepperd's,Shepherd,"Shepperd's, Shepherd"
Shock Collar,Training Collar,"Shock Collar, Training Collar"
Shop Towels,Cleaning Cloths,"Shop Towels, Cleaning Cloths"
Shoring Jack,Jack Post,"Shoring Jack, Jack Post"
Shultz,Schultz,"Shultz, Schultz"
Sicle,Sickle,"Sicle, Sickle"
Side Table,End Table,"Side Table, End Table"
simple connect,simpleconnect,"simple connect, simpleconnect"
Simple Human,Simplehuman,"Simple Human, Simplehuman"
Sink,Basin,"Sink, Basin"
Ski Mask,Winter Face Mask,"Ski Mask, Winter Face Mask"
Skill,Skil,"Skill, Skil"
Slip and Slide,Slip 'n Slide,"Slip and Slide, Slip 'n Slide"
Slow Blow Fuse,Time Delay Fuse,"Slow Blow Fuse, Time Delay Fuse"
Smells Be Gone,Smells Begone,"Smells Be Gone, Smells Begone"
Smoke Alarm,Smoke Detector,"Smoke Alarm, Smoke Detector"
Smoke in a Can,Canned Smoke,"Smoke in a Can, Canned Smoke"
Smoker Chips,Smoking Chips,"Smoker Chips, Smoking Chips"
Smokin Chips,Smoking Chips,"Smokin Chips, Smoking Chips"
Sneaker,Gym Shoe,"Sneaker, Gym Shoe"
Sno Cone,Sno-Kone,"Sno Cone, Sno-Kone"
Snow Cleats,Yaktrax,"Snow Cleats, Yaktrax"
Snow Cone,Sno-Kone,"Snow Cone, Sno-Kone"
Snow Thrower,Snow Blower,"Snow Thrower, Snow Blower"
soap stone,soapstone,"soap stone, soapstone"
Socket Wrench,Ratchet,"Socket Wrench, Ratchet"
soda,sparkling water,"soda, sparkling water"
Soder,Solder,"Soder, Solder"
Soft Soap,Softsoap,"Soft Soap, Softsoap"
Solar Mason Jar,Mason Jar Lamp,"Solar Mason Jar, Mason Jar Lamp"
Solar Stove,Solar Cooker,"Solar Stove, Solar Cooker"
Solder,Sweat,"Solder, Sweat"
South Wire,Southwire,"South Wire, Southwire"
South wire,southwire,"South wire, southwire"
Spade Lag Screw,Acoustical Lag Anchor,"Spade Lag Screw, Acoustical Lag Anchor"
Spark Plug Repair,Heli-Coil,"Spark Plug Repair, Heli-Coil"
Sparkplug Repair,Heli-Coil,"Sparkplug Repair, Heli-Coil"
Spectricide,Spectracide,"Spectricide, Spectracide"
Spot Bot,Spotbot,"Spot Bot, Spotbot"
Spot Clean,SpotClean,"Spot Clean, SpotClean"
Spot Light,Spotlight,"Spot Light, Spotlight"
Spray Away,Spray Way,"Spray Away, Spray Way"
Spray Foam,Insulating Sealant,"Spray Foam, Insulating Sealant"
Sprayaway,Sprayway,"Sprayaway, Sprayway"
Sprinkling Can,Watering Can,"Sprinkling Can, Watering Can"
SPT1,SPT-1,"SPT1, SPT-1"
SPT2,SPT-2,"SPT2, SPT-2"
SPT3,SPT-3,"SPT3, SPT-3"
Square Red Pan,Copper Pan,"Square Red Pan, Copper Pan"
Square Red Pan As Seen on TV,Copper Pan,"Square Red Pan As Seen on TV, Copper Pan"
Squeak No More,Squeeeeek No More,"Squeak No More, Squeeeeek No More"
Squeegie,Squeegee,"Squeegie, Squeegee"
Squeek No More,Squeeeeek No More,"Squeek No More, Squeeeeek No More"
Squincher,Sqwincher,"Squincher, Sqwincher"
Stadium Chair,Stadium Seat,"Stadium Chair, Stadium Seat"
Standard Base ,Medium Base (E26),"Standard Base , Medium Base (E26)"
Stars and Stripes,Patriotic,"Stars and Stripes, Patriotic"
Starshower,Star Shower,"Starshower, Star Shower"
Static Guard,Static Stopper,"Static Guard, Static Stopper"
Static Guard,Static Remover,"Static Guard, Static Remover"
Steel Sack ,SteelSak,"Steel Sack , SteelSak"
Steel Sak,SteelSak,"Steel Sak, SteelSak"
Steel Stick,QuikSteel,"Steel Stick, QuikSteel"
Steel Stik,QuikSteel,"Steel Stik, QuikSteel"
Sthil,Stihl,"Sthil, Stihl"
Stir Stick,Paint Paddles,"Stir Stick, Paint Paddles"
Stocking Hanger,Stocking Holder,"Stocking Hanger, Stocking Holder"
Storage Box,Storage Tote,"Storage Box, Storage Tote"
Storage Tote,Storage Box,"Storage Tote, Storage Box"
Store Door Roller,Door Roller,"Store Door Roller, Door Roller"
Storm Door Handle,Storm Door Latch,"Storm Door Handle, Storm Door Latch"
stove top,cooktop,"stove top, cooktop"
Strawberry Planter,Strawberry Jar,"Strawberry Planter, Strawberry Jar"
studor vent,air admittance valve,"studor vent, air admittance valve"
studor vent,trap vent,"studor vent, trap vent"
Stump Remover,Stump Killer,"Stump Remover, Stump Killer"
Stump Remover,Stump Out,"Stump Remover, Stump Out"
Sulfer,Sulfur,"Sulfer, Sulfur"
sun glasses,sunglasses,"sun glasses, sunglasses"
Sungro,Sun Gro,"Sungro, Sun Gro"
Sunshades,Coolaroo,"Sunshades, Coolaroo"
Super Thrive,Superthrive,"Super Thrive, Superthrive"
Supply Connector,Supply Line,"Supply Connector, Supply Line"
Supply Hose,Supply Line,"Supply Hose, Supply Line"
Supply Tube,Supply Line,"Supply Tube, Supply Line"
Supply Tubing,Supply Line,"Supply Tubing, Supply Line"
Sure Can,Surecan,"Sure Can, Surecan"
Sure Gel,Sure Jell,"Sure Gel, Sure Jell"
Sure Slide,SureSlide,"Sure Slide, SureSlide"
sure-Vent,air admittance valve,"sure-Vent, air admittance valve"
sure-Vent,trap vent,"sure-Vent, trap vent"
Swan Float,Inflatable Swan,"Swan Float, Inflatable Swan"
Sweat,Solder,"Sweat, Solder"
Swifer,Swiffer,"Swifer, Swiffer"
Swifter,Swiffer,"Swifter, Swiffer"
Swirls,Swirl'Z,"Swirls, Swirl'Z"
Switch Plate,Wall Plate,"Switch Plate, Wall Plate"
Sycle,Sickle,"Sycle, Sickle"
Sythe,Scythe,"Sythe, Scythe"
T 6 1/2,T6.5,"T 6 1/2, T6.5"
T 6-1/2,T6.5,"T 6-1/2, T6.5"
T 8,T8,"T 8, T8"
T6-1/2,T6.5,"T6-1/2, T6.5"
Tac Light,Tactical Light,"Tac Light, Tactical Light"
Tac Light,Tactical Flashlight,"Tac Light, Tactical Flashlight"
Tangel Foot,Tangle Foot,"Tangel Foot, Tangle Foot"
Tangle Foot,Tanglefoot,"Tangle Foot, Tanglefoot"
tank sprayer,compression sprayer,"tank sprayer, compression sprayer"
tank sprayer,sprayer,"tank sprayer, sprayer"
Tar Paper,Roof Paper,"Tar Paper, Roof Paper"
Tar Paper,Roofing Paper,"Tar Paper, Roofing Paper"
Tee Handle,T-Handle,"Tee Handle, T-Handle"
Tee-Handle,T-Handle,"Tee-Handle, T-Handle"
Terrabox,Planter,"Terrabox, Planter"
Terrace Board,Lawn Edging,"Terrace Board, Lawn Edging"
Terrapot,Planter,"Terrapot, Planter"
Terratray,Plant Tray,"Terratray, Plant Tray"
Testors Model Paint,Testors Hobby Paint,"Testors Model Paint, Testors Hobby Paint"
Thermo Cube,Thermocube,"Thermo Cube, Thermocube"
Thermocell,Thermacell,"Thermocell, Thermacell"
Thermocoupler,Thermocouple,"Thermocoupler, Thermocouple"
Thermostat Cover,Thermostat Guard,"Thermostat Cover, Thermostat Guard"
Thermostate,Thermostat,"Thermostate, Thermostat"
Thread Insert,Heli-Coil,"Thread Insert, Heli-Coil"
Thread Repair,Heli-Coil,"Thread Repair, Heli-Coil"
Three Way,Three-Way,"Three Way, Three-Way"
Throttle Cable,Throttle Control,"Throttle Cable, Throttle Control"
Thumb Drive,Flash Drive,"Thumb Drive, Flash Drive"
Tile Protector,Tile Sealer,"Tile Protector, Tile Sealer"
Timber Lock,TimberLok,"Timber Lock, TimberLok"
Timber Lok,TimberLok,"Timber Lok, TimberLok"
Timberline,Brown,"Timberline, Brown"
Tin Snips,Aviation Snips,"Tin Snips, Aviation Snips"
Toggle & Duplex,Toggle/Duplex,"Toggle & Duplex, Toggle/Duplex"
Toggle and Duplex,Toggle/Duplex,"Toggle and Duplex, Toggle/Duplex"
Tool Cabinet,Tool Chest,"Tool Cabinet, Tool Chest"
Tool Chest,Tool Cabinet,"Tool Chest, Tool Cabinet"
Tool Shed,Storage Shed,"Tool Shed, Storage Shed"
Topsoil,Top Soil,"Topsoil, Top Soil"
Torpedo Heater,Kerosene Heater,"Torpedo Heater, Kerosene Heater"
Torro,Toro,"Torro, Toro"
Touch Flush,Touchflush,"Touch Flush, Touchflush"
Touchflush,Touch Flush,"Touchflush, Touch Flush"
Towel,Cleaning Cloths,"Towel, Cleaning Cloths"
Towel Rod,Towel Bar,"Towel Rod, Towel Bar"
Track Shoes,Cycling Shoes,"Track Shoes, Cycling Shoes"
Tractor Sprinkler,Traveling Sprinkler,"Tractor Sprinkler, Traveling Sprinkler"
Traegger,Traeger,"Traegger, Traeger"
Tragger,Traeger,"Tragger, Traeger"
Traiger,Traeger,"Traiger, Traeger"
transparent tape,gift wrap tape,"transparent tape, gift wrap tape"
transparent tape,Invisible Tape,"transparent tape, Invisible Tape"
trap vent,air admittance valve,"trap vent, air admittance valve"
Trash Can,Refuse Can,"Trash Can, Refuse Can"
Trash Can,Garbage Can,"Trash Can, Garbage Can"
Trash Can,Wastebasket,"Trash Can, Wastebasket"
Tray,terrabox,"Tray, terrabox"
Treager,Traeger,"Treager, Traeger"
Tree Dazler,Tree Dazzler,"Tree Dazler, Tree Dazzler"
Tree Food,Plant Food,"Tree Food, Plant Food"
Tree Seal,Pruning Seal,"Tree Seal, Pruning Seal"
Tree Storage Bag,Tree Storage Saver,"Tree Storage Bag, Tree Storage Saver"
Tree Trimmer,Tree Pruner,"Tree Trimmer, Tree Pruner"
Tregar,Treager,"Tregar, Treager"
Treger,Treager,"Treger, Treager"
Trelis,Trellis,"Trelis, Trellis"
Trellace,Trellis,"Trellace, Trellis"
Trench Shovel,Drain Spade,"Trench Shovel, Drain Spade"
Triangle Point,Glazier Points,"Triangle Point, Glazier Points"
Troft,Trough,"Troft, Trough"
Trouble Light,Work Light,"Trouble Light, Work Light"
Troy Built,Troy-Bilt,"Troy Built, Troy-Bilt"
Troybilt,Troy-Bilt,"Troybilt, Troy-Bilt"
Troybuilt,Troy-Bilt,"Troybuilt, Troy-Bilt"
Tru Fuel,TruFuel,"Tru Fuel, TruFuel"
truck jack,car jack,"truck jack, car jack"
truck oil,motor oil,"truck oil, motor oil"
True Fuel,TruFuel,"True Fuel, TruFuel"
TrueFuel,TruFuel,"TrueFuel, TruFuel"
TSP/90,TSP / 90,"TSP/90, TSP / 90"
Tubesand,Tube Sand,"Tubesand, Tube Sand"
Tubesand,Tube Sand,"Tubesand, Tube Sand"
Tubular,Linear,"Tubular, Linear"
Tupperware,Food Storage,"Tupperware, Food Storage"
Turf rollers,lawn rollers,"Turf rollers, lawn rollers"
Turkey Frier,Turkey Fryer,"Turkey Frier, Turkey Fryer"
Turkey Injector,Flavor Injector,"Turkey Injector, Flavor Injector"
Turkey Injector,Marinade Injector,"Turkey Injector, Marinade Injector"
Umbrella Holder,Umbrella Stand,"Umbrella Holder, Umbrella Stand"
Umbrella Holder,Umbrella Rack,"Umbrella Holder, Umbrella Rack"
Umbrella Holder,Umbrella Base,"Umbrella Holder, Umbrella Base"
Uni Strut,Unistrut,"Uni Strut, Unistrut"
USB Charger,Backup Charger,"USB Charger, Backup Charger"
USB Drive,Flash Drive,"USB Drive, Flash Drive"
Utility Fence,Agricultural Fencing,"Utility Fence, Agricultural Fencing"
Utility Fence,Agricultural Fence,"Utility Fence, Agricultural Fence"
Utility Fence,Garden Fencing,"Utility Fence, Garden Fencing"
Utility Fence,Garden Fence,"Utility Fence, Garden Fence"
Utility LIght,Work Light,"Utility LIght, Work Light"
UV Glue,Lazer Bond,"UV Glue, Lazer Bond"
uv light,uv flashlight,"uv light, uv flashlight"
Vaccuum,Vacuum,"Vaccuum, Vacuum"
Vacume,Vacuum,"Vacume, Vacuum"
Vanity bulb,Bath bulb,"Vanity bulb, Bath bulb"
Vanity Bulb,Globe Bulb,"Vanity Bulb, Globe Bulb"
Veggie,Vegetable,"Veggie, Vegetable"
vehicle jack,car jack,"vehicle jack, car jack"
Vent Hood Filter,Range Hood Filter,"Vent Hood Filter, Range Hood Filter"
Wagon Wheel,Truck Wheel,"Wagon Wheel, Truck Wheel"
Walkie Talkie,Two-Way Radio,"Walkie Talkie, Two-Way Radio"
Walkie Talkie,Two Way Radio,"Walkie Talkie, Two Way Radio"
Walkie Talkie,2 Way Radio,"Walkie Talkie, 2 Way Radio"
Walking Stick,Cane,"Walking Stick, Cane"
wall board anchors,pop-toggle anchors,"wall board anchors, pop-toggle anchors"
Wall sign,sign plates,"Wall sign, sign plates"
wall signs,sign plates,"wall signs, sign plates"
Wall Tube or Wall Tubing,Wall Bend,"Wall Tube or Wall Tubing, Wall Bend"
wallboard anchors,pop-toggle anchors,"wallboard anchors, pop-toggle anchors"
Wallpaper Remover,Wallpaper Stripper,"Wallpaper Remover, Wallpaper Stripper"
wallpaper steamer,power steamer,"wallpaper steamer, power steamer"
Wallplate,Wall Plate,"Wallplate, Wall Plate"
Walnut Picker,Nut Gatherer,"Walnut Picker, Nut Gatherer"
Wash Tub,Utility Tub,"Wash Tub, Utility Tub"
Washtub,Utility Tub,"Washtub, Utility Tub"
Wasp Spray,Wasp Killer,"Wasp Spray, Wasp Killer"
Watch Dog,Watchdog,"Watch Dog, Watchdog"
Water Boss,Waterboss,"Water Boss, Waterboss"
Water Lox,Waterlox,"Water Lox, Waterlox"
Water Pad,Evaporator Pad,"Water Pad, Evaporator Pad"
Water Trough,Stock Tank,"Water Trough, Stock Tank"
Watercooler,Water Cooler,"Watercooler, Water Cooler"
Watering Can,Sprinkling Can,"Watering Can, Sprinkling Can"
Weather Tech,WeatherTech,"Weather Tech, WeatherTech"
weather vane,weathervane,"weather vane, weathervane"
Webber,Weber,"Webber, Weber"
Weber Q Stand,Weber Grill Cart,"Weber Q Stand, Weber Grill Cart"
Weed B Gon,Weed-B-Gon,"Weed B Gon, Weed-B-Gon"
Weed B Gone,Weed B Gon,"Weed B Gone, Weed B Gon"
Weed B Gone,Weed-B-Gon,"Weed B Gone, Weed-B-Gon"
Weed Be Gone,Weed B Gon,"Weed Be Gone, Weed B Gon"
Weed Be Gone,Weed-B-Gon,"Weed Be Gone, Weed-B-Gon"
Weed Blocker,Weed Block,"Weed Blocker, Weed Block"
Weed Burner,Propane Torch,"Weed Burner, Propane Torch"
weed eater,trimmer,"weed eater, trimmer",Change to related term when available
Weed Hound,Hound Dog,"Weed Hound, Hound Dog"
Weed Puller,Weed Remover,"Weed Puller, Weed Remover"
Weed Remover,Weed Puller,"Weed Remover, Weed Puller"
weed sprayer,sprayer,"weed sprayer, sprayer"
weed wacker,trimmer,"weed wacker, trimmer"
weed whacker,trimmer,"weed whacker, trimmer",Change to related term when available
Weed-Be-Gon,Weed B Gon,"Weed-Be-Gon, Weed B Gon"
Weed-Be-Gon,Weed-B-Gon,"Weed-Be-Gon, Weed-B-Gon"
Weed-Be-Gone,Weed B Gon,"Weed-Be-Gone, Weed B Gon"
Weed-Be-Gone,Weed-B-Gon,"Weed-Be-Gone, Weed-B-Gon"
Weed-B-Gon,Weed B Gon,"Weed-B-Gon, Weed B Gon"
Weedeater,Trimmer,"Weedeater, Trimmer"
Weeder,Weed Remover,"Weeder, Weed Remover"
Weeder,Weed Puller,"Weeder, Weed Puller"
Weedwacker,trimmer,"Weedwacker, trimmer"
Welding Mask,Welding Helmet,"Welding Mask, Welding Helmet"
Wench,Winch,"Wench, Winch"
Wheel Barrel,Wheelbarrow,"Wheel Barrel, Wheelbarrow"
Wheel Barrel,Wheel Barrow,"Wheel Barrel, Wheel Barrow"
Wheelbarrel,Wheelbarrow,"Wheelbarrel, Wheelbarrow"
Wheelbarrel,Wheel Barrow,"Wheelbarrel, Wheel Barrow"
wide spread,widespread,"wide spread, widespread"
Wilt Proof,Wilt Pruf,"Wilt Proof, Wilt Pruf"
winch cable,aircraft cable,"winch cable, aircraft cable"
Wind Mill,Windmill,"Wind Mill, Windmill"
Wind Sock,Windsock,"Wind Sock, Windsock"
Wind Tunnel,Windtunnel,"Wind Tunnel, Windtunnel"
Window Breaker,rescue Tool,"Window Breaker, rescue Tool"
Window Tint,Window Film,"Window Tint, Window Film"
Window Unit,Window AC,"Window Unit, Window AC"
Window Unit,Window Mounted,"Window Unit, Window Mounted"
Wiping Cloths,Cleaning Cloths,"Wiping Cloths, Cleaning Cloths"
Wood Burning,Woodburning,"Wood Burning, Woodburning"
Wood Putty,Wood Filler,"Wood Putty, Wood Filler"
Woodroyal,Wood Royal,"Woodroyal, Wood Royal"
Work Radio,Worksite Radio,"Work Radio, Worksite Radio"
Worm Castings,Earthworm Castings,"Worm Castings, Earthworm Castings"
Wreath Storage Bag,Wreath Storage Saver,"Wreath Storage Bag, Wreath Storage Saver"
X-Hose,XHose,"X-Hose, XHose"
xl,x-large,"xl, x-large"
Yak Trax,Yaktrax,"Yak Trax, Yaktrax"
Yaktrak,Yaktrax,"Yaktrak, Yaktrax"
yard rollers,lawn rollers,"yard rollers, lawn rollers"
Yard Spinner,Wind Spinner,"Yard Spinner, Wind Spinner"
Z Edge,Z-Bar,"Z Edge, Z-Bar"
Z Metal,Z-Bar,"Z Metal, Z-Bar"
Zap,Zep,"Zap, Zep"
Z-Edge,Z-Bar,"Z-Edge, Z-Bar"
Zeep Cleaner,Zep Cleaner,"Zeep Cleaner, Zep Cleaner"
Zinnser,Zinsser,"Zinnser, Zinsser"
Zinzer,Zinsser,"Zinzer, Zinsser"
zip lock,ziplock,"zip lock, ziplock"
Zip Tie,Cable Tie,"Zip Tie, Cable Tie"
Zip Tie,Cable Ties,"Zip Tie, Cable Ties"
Zip Ties,Cable Ties,"Zip Ties, Cable Ties"
Zip Ties,Cable Tie,"Zip Ties, Cable Tie"
Ziplock,Ziploc,"Ziplock, Ziploc"
Z-Metal,Z-Bar,"Z-Metal, Z-Bar"
